SquareFeet,Price
2843.1,436248.78
3314.6,518944.21
2946.9,458323.13
1349.4,236985.45
3190.1,479309.99
3805.8,548365.52
2592.4,391695.3
1406.0,215507.78
2670.8,427468.64
1642.8,246668.59
3502.5,544556.51
2072.4,301455.05
1997.1,303004.95
807.9,144272.49
4244.6,638530.98
672.6,104610.65
2625.4,396815.17
3049.7,474355.24
760.2,148737.89
1008.2,177209.92
795.2,160542.66
2580.3,409796.03
1146.5,199630.24
4213.3,666096.49
2510.7,364787.69
1672.8,264310.95
2565.2,375190.67
3708.8,572973.45
1397.1,228558.84
2863.3,424772.59
3073.2,456229.73
706.7,115269.72
2388.9,364068.59
2470.5,392780.81
1938.0,348139.24
4070.2,605683.36
810.9,153813.8
3608.6,576979.98
1501.0,248051.97
4261.8,627938.6
978.4,170177.82
3879.5,635247.71
1954.5,290530.06
3045.6,446287.1
975.3,168204.33
968.3,131563.59
4350.6,655559.62
2801.9,416617.32
1468.2,211962.0
4121.4,643933.13
3580.0,535394.82
3740.5,568152.88
1777.3,277321.68
4265.9,629728.97
791.1,173455.87
4260.9,654934.17
3985.8,639274.17
4348.7,647389.62
3600.5,523036.81
3737.4,568392.53
2354.8,408994.24
2573.3,408382.87
2054.7,325695.72
2466.5,380368.41
861.2,144010.16
2925.7,449294.2
3666.3,561613.2
979.5,161748.28
3140.8,442362.12
3680.7,570426.05
1823.6,275342.61
839.4,167656.23
782.3,97640.96
597.3,127612.61
663.1,119215.73
4379.5,671653.75
2930.2,476587.29
1668.6,264114.95
2094.0,328440.02
1182.1,192032.42
4125.4,621710.0
4258.0,614522.49
3017.6,466749.57
877.8,129459.79
1980.6,327829.4
1623.1,289093.68
854.0,104173.6
2682.5,386685.24
3428.0,539448.04
680.9,92294.1
1283.2,187819.17
4068.2,661115.1
4460.2,674134.57
905.9,157692.79
3327.4,542824.6
3518.2,555143.43
2662.5,421853.27
2793.8,429010.84
4121.5,605527.11
3952.4,611012.23
2733.6,401604.94
1298.7,179592.82
3069.7,446279.83
970.1,163780.57
3729.8,556341.48
3040.4,472323.99
2374.6,373330.48
3412.9,505759.96
3912.0,564194.18
4378.3,692309.18
3757.9,591852.26
1940.8,325120.85
1227.3,167940.68
2178.4,336725.81
4061.1,648338.2
3033.6,480646.22
647.5,80929.71
2894.6,433021.56
3513.5,521179.53
1801.3,293649.66
864.8,165597.62
3841.2,580696.89
2773.2,403034.91
601.7,90433.81
3303.9,529341.98
988.2,143878.01
4354.5,641245.15
2480.7,394493.66
4009.5,641686.07
3032.4,484383.64
536.8,85846.82
963.5,153617.03
2869.7,445691.08
3486.0,555324.39
681.2,85173.47
561.8,67685.95
1852.0,316165.01
1283.9,203417.69
2216.0,353955.01
3815.0,570363.0
972.7,158323.79
1144.9,181016.91
1743.9,
4159.5,631602.77
3068.1,460814.24
2938.3,448672.65
2618.6,417482.44
2543.0,404959.45
4403.4,687572.37
2590.9,369541.8
1125.7,153591.4
1814.7,275248.46
4352.9,648954.31
1507.1,238920.65
944.8,153938.56
2266.1,376431.66
2333.0,349278.39
3034.1,470730.21
1801.6,297289.53
4319.5,658078.56
3081.9,499796.96
2056.8,324295.81
2993.2,471627.63
1623.9,242173.47
3843.9,574491.22
2720.8,413735.07
2698.1,406405.94
2991.6,435752.86
1050.1,163067.04
3325.0,499076.35
4079.3,617737.93
4223.0,615972.14
4387.1,631807.12
3309.9,484953.11
3307.9,491733.17
1063.7,154684.07
730.2,119711.1
888.7,141619.46
2044.4,293242.44
3130.5,464378.63
931.6,127271.16
3099.9,463997.0
705.9,107742.37
1233.6,186786.72
2643.1,395306.88
875.9,164284.43
1746.8,268683.63
3418.4,493653.42
890.7,164310.17
3027.3,479936.74
3440.3,536901.59
1923.9,301791.92
2548.4,399259.23
3761.8,550191.36
2545.4,381388.78
4130.3,626135.85
3107.8,466963.79
1767.7,253306.41
1717.0,269205.79
2255.9,354741.48
3353.0,516843.42
4048.9,643839.36
4050.8,618058.86
4349.8,629473.03
1856.1,295798.57
1757.4,305467.29
2780.2,422052.84
3080.7,476158.24
3210.3,481341.19
2212.7,339640.87
3546.5,565827.05
3589.0,544242.36
1850.5,302393.15
4060.0,611293.57
4397.6,678115.77
572.9,103114.37
874.7,112438.5
1192.8,181819.83
2512.5,391465.2
3134.8,508925.17
1609.5,252914.05
2807.6,439185.27
2227.8,336610.27
2046.9,312078.9
1628.1,267347.81
2947.4,431999.75
4187.5,634161.04
2813.1,453771.38
2477.7,365593.89
2052.7,322158.4
4362.5,697747.63
953.9,138030.77
1531.8,242032.97
4133.1,611205.96
3154.0,487798.97
1208.4,184647.64
3790.4,592821.74
777.4,177444.77
2589.0,377845.08
2210.2,345766.63
3389.8,525178.08
3933.7,604023.91
2196.9,357857.23
4442.6,687547.53
1772.0,278131.45
3732.5,542516.87
4446.6,663679.15
2393.9,375551.76
566.4,
1415.2,251864.75
1933.9,299189.81
3583.9,543110.05
1585.4,232720.79
3921.8,571165.33
1999.5,300924.79
2208.4,340943.52
4377.2,651796.9
1863.2,293954.31
4104.6,608116.19
3658.5,547836.47
4153.0,627039.92
865.1,
2324.3,371802.5
3358.4,543627.08
1072.0,178457.98
3404.4,512348.68
3772.1,568963.68
4444.8,706077.49
2980.5,460146.68
4246.9,665166.0
836.4,129480.04
593.1,101047.91
1970.9,333616.55
3926.0,613730.42
2745.1,441428.45
4447.5,658965.36
1718.5,264850.0
1971.1,317114.91
4379.6,687556.34
1639.4,269120.24
1151.7,203715.84
3942.9,582216.36
3286.9,533342.81
3332.3,499733.8
2833.5,424796.36
3263.8,513715.39
2510.5,399624.96
2694.9,408992.65
527.8,82733.78
1703.5,250842.26
4315.7,651461.55
3964.7,634742.54
1178.0,
903.1,157540.3
684.0,121774.0
2904.5,466090.01
3188.5,496440.72
2556.9,416424.97
3288.1,496793.32
1623.7,254185.01
2727.2,448668.73
3974.4,624612.98
2457.8,368371.98
2686.8,439694.91
520.2,110672.18
2670.6,403559.69
4302.9,685593.94
1674.4,263872.3
3463.1,547813.19
2717.4,407369.06
964.3,156689.98
2475.2,364127.27
3484.2,519179.25
2322.6,349431.79
2135.8,318421.96
3714.7,539599.65
3150.1,444507.01
3029.2,459670.23
3713.9,554536.31
1246.3,209582.92
1646.2,233297.21
796.2,136686.07
4301.6,651047.31
1927.0,281132.13
4110.2,631576.56
3727.3,538382.12
3679.2,561497.4
1363.3,225574.79
3768.9,578680.24
2396.7,372786.48
3619.5,555154.29
545.4,75512.36
4084.4,603934.22
1394.4,246937.81
904.5,168043.27
1791.8,291277.07
3096.8,517527.9
1450.6,185191.83
1800.7,240073.95
1476.0,232441.34
1060.3,167772.92
3531.4,540350.33
4302.4,652269.16
3585.1,532996.99
4462.0,662290.57
1775.9,280029.75
3050.2,491037.76
2592.4,391695.3
4198.8,602744.37
1497.2,263219.99
834.0,142648.29
1239.4,199767.54
3015.8,450048.76
1124.0,190203.3
2599.0,400501.46
1281.0,190355.31
1780.2,286202.49
1913.4,288628.88
2141.5,333339.32
4271.6,617153.25
4082.1,622888.13
4392.0,670061.68
3348.7,524235.89
872.4,148357.9
1982.6,303348.03
2696.9,391094.46
2002.3,263627.65
685.8,103025.89
2863.6,431394.84
1864.3,254225.04
625.7,95967.77
4088.4,660961.75
1143.2,175018.07
1792.8,290116.62
4064.6,627949.5
3546.0,555827.65
4048.3,617428.76
3232.0,505945.59
1783.1,299921.88
1209.8,211550.19
2575.2,384196.82
643.8,72956.8
662.9,82328.42
1388.4,202891.83
2260.6,374205.64
1449.0,212852.48
4137.3,595660.37
2891.6,449869.97
2715.4,449207.53
841.4,152359.67
725.2,125327.68
3404.4,512348.68
3733.6,
3283.9,519898.9
1583.3,243760.86
3693.2,561001.19
1411.7,228805.84
2489.0,388046.12
1659.0,241862.43
1619.7,285257.08
557.6,90975.93
3605.7,559808.57
825.4,163319.4
3522.2,520783.16
4444.0,654638.1
3829.8,579744.33
3968.3,605872.34
2580.3,409796.03
4094.2,605534.57
4289.0,633235.42
2657.4,399522.35
1058.0,169017.53
2521.0,386846.42
754.2,116261.82
2169.6,345123.82
3010.2,496698.07
1490.9,
3024.6,464960.05
2834.6,425714.51
2362.4,358465.65
940.2,139193.64
4295.5,651955.57
4471.9,649551.77
1124.1,165191.57
4300.2,663703.7
1664.9,272618.95
3896.9,625522.58
1627.4,243200.85
2466.5,380368.41
3509.5,528840.62
606.0,93447.96
1614.6,254811.88
1560.8,257778.38
4366.6,653575.79
2610.8,405051.67
1458.2,223898.64
2318.2,369942.11
1193.2,166237.93
649.4,142651.0
2470.1,384600.39
582.3,70349.6
3683.2,562025.0
1294.9,188005.32
3904.5,569653.61
3543.1,594804.6
3283.0,506903.45
3003.4,468015.82
2293.8,345190.94
784.8,120782.2
912.5,165059.93
4101.7,595432.94
3284.1,473993.07
2837.3,431729.02
891.3,143606.12
1252.5,221758.81
1896.8,288256.89
2235.4,331830.69
3312.1,515458.0
2960.0,404540.32
3236.9,505682.72
836.6,123513.66
548.6,81213.05
622.0,
2005.0,311121.35
1467.4,192376.12
2040.4,318297.58
4218.8,623619.88
3787.4,569010.06
4009.4,602057.65
1079.6,192891.03
601.4,120640.13
3451.6,524094.14
4088.9,634027.3
1535.1,220899.1
3751.2,545977.23
2506.1,
732.3,99621.3
1677.8,278130.81
813.8,112926.13
3416.0,521206.99
1998.2,316879.36
1903.7,315314.89
2150.5,328814.33
4009.9,641087.51
2972.9,456466.21
798.2,123589.34
681.8,91076.51
1246.1,203998.53
1988.1,307894.91
3098.5,481024.5
637.6,128409.65
4344.8,640459.1
2963.4,435972.55
522.1,82303.41
1965.4,315146.11
3503.5,543591.9
3139.9,509886.43
1998.5,329295.47
2534.3,405943.36
543.4,72434.42
3267.6,480984.21
3708.8,572973.45
3640.7,533580.61
3403.8,530155.84
1197.5,229582.14
